client,has_focus_visible,total,pct_pages_focus_visible
mobile,870496,9647377,0.09023136547892759
desktop,670560,6811399,0.09844673612572101
