client,total_sites,sites_with_a11y_tech,perc_sites_with_a11y_tech
mobile,7909918,95793,0.012110492169451061
desktop,5431533,84633,0.015581788787806316
