client,total_applicable,total_good_contrast,perc_good_contrast
desktop,5257991,1195302,0.22733055267686841
mobile,7712408,1769438,0.2294274369302039